{
  "test/integration/pages/RisksObjectPage-dbg.js": 1720708616691,
  "Component.js": 1720708616651,
  "test/integration/pages/RisksList.js": 1720708616691,
  "test/integration/opaTests.qunit.js": 1720708616687,
  "test/integration/FirstJourney.js": 1720708616691,
  "test/testsuite.qunit.js": 1720708616675,
  "xs-app.json": 1720713397606,
  "manifest.json": 1720713397806,
  "test/integration/pages/RisksObjectPage.js": 1720708616691,
  "i18n/i18n.properties": 1720708636703,
  "test/integration/pages/RisksObjectPage.js.map": 1720713412211,
  "test/integration/pages/RisksList-dbg.js": 1720708616691,
  "test/integration/pages/RisksList.js.map": 1720713412213,
  "test/integration/opaTests.qunit-dbg.js": 1720708616687,
  "test/integration/opaTests.qunit.js.map": 1720713412207,
  "test/integration/FirstJourney-dbg.js": 1720708616691,
  "test/integration/FirstJourney.js.map": 1720713412216,
  "test/testsuite.qunit-dbg.js": 1720708616675,
  "test/testsuite.qunit.js.map": 1720713412210,
  "Component-dbg.js": 1720708616651,
  "Component.js.map": 1720713412212,
  "Component-preload.js": 1720713412285,
  "Component-preload.js.map": 1720713412285,
  "test/integration/opaTests.qunit.html": 1720708616687,
  "test/testsuite.qunit.html": 1720708616671,
  "test/flpSandbox.html": 1720708616671,
  "index.html": 1720708616655
}